extra_lag_days,ann_ret,ann_vol,sharpe,max_dd,total_ret,ann_ret_gross,sharpe_gross,turnover_mean,cost_rate_used
0,0.20433993044332924,0.20141665178285445,1.0145135897830921,-0.3261436218762429,3.259563087054646,0.21341892150544156,1.0592770009813375,0.03602774230997296,0.0009999999999999079
1,0.1999002026039346,0.2010567418577256,0.9942476972216945,-0.30650484255437205,3.1152712240705656,0.20897854224071877,1.0396953682313088,0.03602515728882926,0.0009999999999999079
2,0.2050181063616527,0.20333370985765076,1.0082839018880483,-0.31656005324390657,3.2681842182104717,0.21409584352566846,1.052924822237121,0.0360227665238753,0.0009999999999999079
5,0.18265235955959,0.20709505258853647,0.8819735540549487,-0.30378335068604667,2.55661979532323,0.19172833341671255,0.9256876739347182,0.03601576927429916,0.0009999999999999079
10,0.18249879132500843,0.2172982462563451,0.8398539540391694,-0.3283895387178125,2.4920688703359,0.19156883201708988,0.8817660499917355,0.035992224968580275,0.0009999999999999079
