pool_mode,mc_runs,actual_ann_ret,actual_sharpe,random_ann_ret_mean,random_sharpe_mean,p_ann_ge_actual,p_sh_ge_actual,ann_percentile,sh_percentile,avg_pool_size,cost_rate_used
tradable_universe_by_date,80,0.2069752840517989,1.0275976307234145,0.2091898080384051,1.0565930676430022,0.5185185185185185,0.6049382716049383,0.4875,0.4,76.89108910891089,0.0009999999999999079
