,Cumulative Return,Annual Return,Annual Volatility,Sharpe Ratio,Max Drawdown
Custom Strategy,6.47591673524172,0.28612404277783576,0.3793820631357371,0.8552610791704035,-0.5023987512046005
QQQ,3.084194871451513,0.19245123501158767,0.240451898758598,0.8539810700428497,-0.3511871565038529
SPY,1.8747738117308232,0.1412077807248482,0.19454693348229393,0.7778650400600579,-0.3371727068439594
