fee_rate,ann_ret,ann_vol,sharpe,max_dd,total_ret,avg_trade_gross,avg_trade_cost,edge_per_trade,impact_rate_used,total_cost_rate_used
0.001,0.20848178962841807,0.20285673787266922,1.0277291837269507,-0.3328889612360686,3.3910433739056423,0.000927826559909094,0.0005150353373390975,0.00041279122256999653,0.0,0.001
0.003,0.19553559154687064,0.20282507954139065,0.9640602236569246,-0.33719443246459213,2.9657730908428013,0.000927826559909094,0.0015451060120172922,-0.0006172794521081982,0.0,0.003
0.005,0.18258939346532327,0.2028800722793949,0.899986831693216,-0.34147551236006746,2.5811770504347833,0.000927826559909094,0.0025751766866954867,-0.0016473501267863927,0.0,0.005
