scenario,ann_ret,ann_vol,sharpe,max_dd,total_ret
actual,0.21495488866919257,0.20290505285098143,1.0593865734137309,-0.3307270412942578,3.620238563423495
permutation_placebo,0.2607353841659197,0.1936687284831787,1.3462957401882247,-0.2520839484242472,5.719977075546754
