pool_mode,mc_runs,actual_ann_ret,actual_sharpe,random_ann_ret_mean,random_sharpe_mean,p_ann_ge_actual,p_sh_ge_actual,ann_percentile,sh_percentile,avg_pool_size,cost_rate_used
tradable_universe_by_date,80,0.2084817896284181,1.0277291837269509,0.20532369735800557,1.0487622268970682,0.3950617283950617,0.5555555555555556,0.6125,0.45,76.87878787878788,0.00099999999999991
