pool_mode,mc_runs,actual_ann_ret,actual_sharpe,random_ann_ret_mean,random_sharpe_mean,p_ann_ge_actual,p_sh_ge_actual,ann_percentile,sh_percentile,avg_pool_size,cost_rate_used
tradable_universe_by_date,100,0.2362559147368342,1.1197130509324635,0.19549747390455502,1.0456638120119703,0.07920792079207921,0.2376237623762376,0.93,0.77,76.82105263157895,0.000999999999999901
