,Cumulative Return,Annual Return,Annual Volatility,Sharpe Ratio,Max Drawdown
Custom Strategy,6.475916735241754,0.28612404277783643,0.3793820631357371,0.8552610791704036,-0.5023987512046004
QQQ,3.0841932141359356,0.19245117448491023,0.24045193283333002,0.8539807768760718,-0.3511873231809918
SPY,1.874773996655147,0.14120778990738003,0.1945470342680176,0.7778647793943001,-0.3371727228711022
